network,inputfile,objective,delta,optimizer,status,optval,time
AutoTaxi_32Relus_200Epochs_OneOutput.nnet,AutoTaxi_2323.npy,1.0*y1,0.001,LBFGS,success,-0.08500400479868873,9.618318598
AutoTaxi_32Relus_200Epochs_OneOutput.nnet,AutoTaxi_2323.npy,1.0*y1,0.001,PGD,success,-0.08755589753504636,1.831362696
AutoTaxi_32Relus_200Epochs_OneOutput.nnet,AutoTaxi_2323.npy,1.0*y1,0.001,FGSM,success,-0.08500400466222346,4.993882453
AutoTaxi_32Relus_200Epochs_OneOutput.nnet,AutoTaxi_2323.npy,1.0*y1,0.001,Marabounosbt_ReLUViolation,success,-0.0850040047986883,2.116980957
AutoTaxi_32Relus_200Epochs_OneOutput.nnet,AutoTaxi_2323.npy,1.0*y1,0.001,Marabousbt_ReLUViolation,success,-0.0850040047986883,0.164493145
AutoTaxi_32Relus_200Epochs_OneOutput.nnet,AutoTaxi_2323.npy,1.0*y1,0.001,Marabounosbt_EarliestReLU,success,-0.0850040047986883,0.162124416
AutoTaxi_32Relus_200Epochs_OneOutput.nnet,AutoTaxi_2323.npy,1.0*y1,0.001,Marabousbt_EarliestReLU,success,-0.0850040047986883,0.227472955
AutoTaxi_32Relus_200Epochs_OneOutput.nnet,AutoTaxi_2323.npy,1.0*y1,0.001,MarabouBinarySearch_nosbt_ReLUViolation,success,-0.08505799341315051,22.104126273
AutoTaxi_32Relus_200Epochs_OneOutput.nnet,AutoTaxi_2323.npy,1.0*y1,0.001,MarabouBinarySearch_sbt_ReLUViolation,success,-0.08505799341315051,0.448718993
AutoTaxi_32Relus_200Epochs_OneOutput.nnet,AutoTaxi_2323.npy,1.0*y1,0.001,MarabouBinarySearch_nosbt_EarliestReLU,success,-0.08505799341315051,0.373418663
AutoTaxi_32Relus_200Epochs_OneOutput.nnet,AutoTaxi_2323.npy,1.0*y1,0.001,MarabouBinarySearch_sbt_EarliestReLU,success,-0.08505799341315051,0.455621719
AutoTaxi_32Relus_200Epochs_OneOutput.nnet,AutoTaxi_2323.npy,1.0*y1,0.001,VanillaMIPGurobi_8threads_1000.0m,success,-0.0850040047986883,9.004883657
AutoTaxi_32Relus_200Epochs_OneOutput.nnet,AutoTaxi_2323.npy,1.0*y1,0.001,VanillaMIPGurobi_1threads_1000.0m,success,-0.0850040047986883,0.008578044
AutoTaxi_32Relus_200Epochs_OneOutput.nnet,AutoTaxi_2323.npy,1.0*y1,0.001,VanillaMIPGLPK_1000.0m,success,-0.08500400479868844,1.345811007
AutoTaxi_32Relus_200Epochs_OneOutput.nnet,AutoTaxi_2323.npy,1.0*y1,0.001,Sherlock_Gurobi_8threads_1000.0m,success,-0.0850040047986883,2.10329856
AutoTaxi_32Relus_200Epochs_OneOutput.nnet,AutoTaxi_2323.npy,1.0*y1,0.001,Sherlock_Gurobi_1threads_1000.0m,success,-0.0850040047986883,0.015159012
AutoTaxi_32Relus_200Epochs_OneOutput.nnet,AutoTaxi_2323.npy,1.0*y1,0.001,Sherlock_GLPK_1000.0m,success,-0.08500400479868828,0.91108743
AutoTaxi_32Relus_200Epochs_OneOutput.nnet,AutoTaxi_2323.npy,1.0*y1,0.005,LBFGS,success,-0.0735116171491634,0.324944745
AutoTaxi_32Relus_200Epochs_OneOutput.nnet,AutoTaxi_2323.npy,1.0*y1,0.005,PGD,success,-0.07908591527568398,0.044538237
AutoTaxi_32Relus_200Epochs_OneOutput.nnet,AutoTaxi_2323.npy,1.0*y1,0.005,FGSM,success,-0.07351161747025664,0.0002461
AutoTaxi_32Relus_200Epochs_OneOutput.nnet,AutoTaxi_2323.npy,1.0*y1,0.005,Marabounosbt_ReLUViolation,success,-0.07351161714916302,0.081164924
AutoTaxi_32Relus_200Epochs_OneOutput.nnet,AutoTaxi_2323.npy,1.0*y1,0.005,Marabousbt_ReLUViolation,success,-0.07351161714916302,0.116445562
AutoTaxi_32Relus_200Epochs_OneOutput.nnet,AutoTaxi_2323.npy,1.0*y1,0.005,Marabounosbt_EarliestReLU,success,-0.07351161714916302,0.088439392
AutoTaxi_32Relus_200Epochs_OneOutput.nnet,AutoTaxi_2323.npy,1.0*y1,0.005,Marabousbt_EarliestReLU,success,-0.07351161714916302,0.115739588
AutoTaxi_32Relus_200Epochs_OneOutput.nnet,AutoTaxi_2323.npy,1.0*y1,0.005,MarabouBinarySearch_nosbt_ReLUViolation,success,-0.07355337009328754,0.443508338
AutoTaxi_32Relus_200Epochs_OneOutput.nnet,AutoTaxi_2323.npy,1.0*y1,0.005,MarabouBinarySearch_sbt_ReLUViolation,success,-0.07355337009328754,0.522763987
AutoTaxi_32Relus_200Epochs_OneOutput.nnet,AutoTaxi_2323.npy,1.0*y1,0.005,MarabouBinarySearch_nosbt_EarliestReLU,success,-0.07355337009328754,0.412077575
AutoTaxi_32Relus_200Epochs_OneOutput.nnet,AutoTaxi_2323.npy,1.0*y1,0.005,MarabouBinarySearch_sbt_EarliestReLU,success,-0.07355337009328754,0.603979731
AutoTaxi_32Relus_200Epochs_OneOutput.nnet,AutoTaxi_2323.npy,1.0*y1,0.005,VanillaMIPGurobi_8threads_1000.0m,success,-0.07351161714916302,0.012474283
AutoTaxi_32Relus_200Epochs_OneOutput.nnet,AutoTaxi_2323.npy,1.0*y1,0.005,VanillaMIPGurobi_1threads_1000.0m,success,-0.07351161714916302,0.010197857
AutoTaxi_32Relus_200Epochs_OneOutput.nnet,AutoTaxi_2323.npy,1.0*y1,0.005,VanillaMIPGLPK_1000.0m,success,-0.07351161714916307,0.658910081
AutoTaxi_32Relus_200Epochs_OneOutput.nnet,AutoTaxi_2323.npy,1.0*y1,0.005,Sherlock_Gurobi_8threads_1000.0m,success,-0.07351161714916296,0.019052284
AutoTaxi_32Relus_200Epochs_OneOutput.nnet,AutoTaxi_2323.npy,1.0*y1,0.005,Sherlock_Gurobi_1threads_1000.0m,success,-0.07351161714916296,0.017058682
AutoTaxi_32Relus_200Epochs_OneOutput.nnet,AutoTaxi_2323.npy,1.0*y1,0.005,Sherlock_GLPK_1000.0m,success,-0.07351161714916296,0.892682485
AutoTaxi_32Relus_200Epochs_OneOutput.nnet,AutoTaxi_2323.npy,1.0*y1,0.01,LBFGS,success,-0.05914613258725677,0.350283251
AutoTaxi_32Relus_200Epochs_OneOutput.nnet,AutoTaxi_2323.npy,1.0*y1,0.01,PGD,success,-0.0648116130884233,0.000863963
AutoTaxi_32Relus_200Epochs_OneOutput.nnet,AutoTaxi_2323.npy,1.0*y1,0.01,FGSM,success,-0.05914613322944328,0.00021563
AutoTaxi_32Relus_200Epochs_OneOutput.nnet,AutoTaxi_2323.npy,1.0*y1,0.01,Marabounosbt_ReLUViolation,success,-0.05914613258725618,0.087786052
AutoTaxi_32Relus_200Epochs_OneOutput.nnet,AutoTaxi_2323.npy,1.0*y1,0.01,Marabousbt_ReLUViolation,success,-0.05914613258725618,0.115209439
AutoTaxi_32Relus_200Epochs_OneOutput.nnet,AutoTaxi_2323.npy,1.0*y1,0.01,Marabounosbt_EarliestReLU,success,-0.05914613258725618,0.09406486
AutoTaxi_32Relus_200Epochs_OneOutput.nnet,AutoTaxi_2323.npy,1.0*y1,0.01,Marabousbt_EarliestReLU,success,-0.05914613258725618,0.112598192
AutoTaxi_32Relus_200Epochs_OneOutput.nnet,AutoTaxi_2323.npy,1.0*y1,0.01,MarabouBinarySearch_nosbt_ReLUViolation,success,-0.05915025285018756,0.497073396
AutoTaxi_32Relus_200Epochs_OneOutput.nnet,AutoTaxi_2323.npy,1.0*y1,0.01,MarabouBinarySearch_sbt_ReLUViolation,success,-0.05915025285018752,0.589369812
AutoTaxi_32Relus_200Epochs_OneOutput.nnet,AutoTaxi_2323.npy,1.0*y1,0.01,MarabouBinarySearch_nosbt_EarliestReLU,success,-0.05915025285018754,0.503451214
AutoTaxi_32Relus_200Epochs_OneOutput.nnet,AutoTaxi_2323.npy,1.0*y1,0.01,MarabouBinarySearch_sbt_EarliestReLU,success,-0.05915025285018752,0.611252814
AutoTaxi_32Relus_200Epochs_OneOutput.nnet,AutoTaxi_2323.npy,1.0*y1,0.01,VanillaMIPGurobi_8threads_1000.0m,success,-0.05914613258725623,0.014857136
AutoTaxi_32Relus_200Epochs_OneOutput.nnet,AutoTaxi_2323.npy,1.0*y1,0.01,VanillaMIPGurobi_1threads_1000.0m,success,-0.05914613258725623,0.022582613
AutoTaxi_32Relus_200Epochs_OneOutput.nnet,AutoTaxi_2323.npy,1.0*y1,0.01,VanillaMIPGLPK_1000.0m,success,-0.059146132587256386,0.644326436
AutoTaxi_32Relus_200Epochs_OneOutput.nnet,AutoTaxi_2323.npy,1.0*y1,0.01,Sherlock_Gurobi_8threads_1000.0m,success,-0.05914613258725609,0.017477234
AutoTaxi_32Relus_200Epochs_OneOutput.nnet,AutoTaxi_2323.npy,1.0*y1,0.01,Sherlock_Gurobi_1threads_1000.0m,success,-0.05914613258725609,0.019154706
AutoTaxi_32Relus_200Epochs_OneOutput.nnet,AutoTaxi_2323.npy,1.0*y1,0.01,Sherlock_GLPK_1000.0m,success,-0.05914613258725609,0.631550813
AutoTaxi_32Relus_200Epochs_OneOutput.nnet,AutoTaxi_2323.npy,1.0*y1,0.015,LBFGS,success,-0.044780648025349874,0.426739647
AutoTaxi_32Relus_200Epochs_OneOutput.nnet,AutoTaxi_2323.npy,1.0*y1,0.015,PGD,success,-0.05074398065891119,0.001220385
AutoTaxi_32Relus_200Epochs_OneOutput.nnet,AutoTaxi_2323.npy,1.0*y1,0.015,FGSM,success,-0.044780648988630205,0.000200297
AutoTaxi_32Relus_200Epochs_OneOutput.nnet,AutoTaxi_2323.npy,1.0*y1,0.015,Marabounosbt_ReLUViolation,success,-0.04478064802534921,0.129088457
AutoTaxi_32Relus_200Epochs_OneOutput.nnet,AutoTaxi_2323.npy,1.0*y1,0.015,Marabousbt_ReLUViolation,success,-0.04478064802534921,0.135587372
AutoTaxi_32Relus_200Epochs_OneOutput.nnet,AutoTaxi_2323.npy,1.0*y1,0.015,Marabounosbt_EarliestReLU,success,-0.04478064802534921,0.205540508
AutoTaxi_32Relus_200Epochs_OneOutput.nnet,AutoTaxi_2323.npy,1.0*y1,0.015,Marabousbt_EarliestReLU,success,-0.04478064802534921,0.17818695
AutoTaxi_32Relus_200Epochs_OneOutput.nnet,AutoTaxi_2323.npy,1.0*y1,0.015,MarabouBinarySearch_nosbt_ReLUViolation,success,-0.044783453010067566,0.534182997
AutoTaxi_32Relus_200Epochs_OneOutput.nnet,AutoTaxi_2323.npy,1.0*y1,0.015,MarabouBinarySearch_sbt_ReLUViolation,success,-0.044783453010067566,0.689107172
AutoTaxi_32Relus_200Epochs_OneOutput.nnet,AutoTaxi_2323.npy,1.0*y1,0.015,MarabouBinarySearch_nosbt_EarliestReLU,success,-0.044783453010068024,0.614714314
AutoTaxi_32Relus_200Epochs_OneOutput.nnet,AutoTaxi_2323.npy,1.0*y1,0.015,MarabouBinarySearch_sbt_EarliestReLU,success,-0.044783453010067746,0.771168275
AutoTaxi_32Relus_200Epochs_OneOutput.nnet,AutoTaxi_2323.npy,1.0*y1,0.015,VanillaMIPGurobi_8threads_1000.0m,success,-0.044780648025349194,0.013747631
AutoTaxi_32Relus_200Epochs_OneOutput.nnet,AutoTaxi_2323.npy,1.0*y1,0.015,VanillaMIPGurobi_1threads_1000.0m,success,-0.044780648025349194,0.023079846
AutoTaxi_32Relus_200Epochs_OneOutput.nnet,AutoTaxi_2323.npy,1.0*y1,0.015,VanillaMIPGLPK_1000.0m,success,-0.0447806480253494,0.656010697
AutoTaxi_32Relus_200Epochs_OneOutput.nnet,AutoTaxi_2323.npy,1.0*y1,0.015,Sherlock_Gurobi_8threads_1000.0m,success,-0.044780648025349465,0.018872809
AutoTaxi_32Relus_200Epochs_OneOutput.nnet,AutoTaxi_2323.npy,1.0*y1,0.015,Sherlock_Gurobi_1threads_1000.0m,success,-0.044780648025349465,0.018468805
AutoTaxi_32Relus_200Epochs_OneOutput.nnet,AutoTaxi_2323.npy,1.0*y1,0.015,Sherlock_GLPK_1000.0m,success,-0.044780648025349465,0.726378132
AutoTaxi_64Relus_200Epochs_OneOutput.nnet,AutoTaxi_2323.npy,1.0*y1,0.001,LBFGS,success,-0.09444751434480476,0.386387358
AutoTaxi_64Relus_200Epochs_OneOutput.nnet,AutoTaxi_2323.npy,1.0*y1,0.001,PGD,success,-0.09622121937712967,0.000154047
AutoTaxi_64Relus_200Epochs_OneOutput.nnet,AutoTaxi_2323.npy,1.0*y1,0.001,FGSM,success,-0.0946349316108249,0.000271866
AutoTaxi_64Relus_200Epochs_OneOutput.nnet,AutoTaxi_2323.npy,1.0*y1,0.001,Marabounosbt_ReLUViolation,success,-0.09444751434480302,0.168142571
AutoTaxi_64Relus_200Epochs_OneOutput.nnet,AutoTaxi_2323.npy,1.0*y1,0.001,Marabousbt_ReLUViolation,success,-0.09444751434480306,0.275162572
AutoTaxi_64Relus_200Epochs_OneOutput.nnet,AutoTaxi_2323.npy,1.0*y1,0.001,Marabounosbt_EarliestReLU,success,-0.09444751434480302,0.173048499
AutoTaxi_64Relus_200Epochs_OneOutput.nnet,AutoTaxi_2323.npy,1.0*y1,0.001,Marabousbt_EarliestReLU,success,-0.09444751434480306,0.25566365
AutoTaxi_64Relus_200Epochs_OneOutput.nnet,AutoTaxi_2323.npy,1.0*y1,0.001,MarabouBinarySearch_nosbt_ReLUViolation,success,-0.09446928459202672,0.891177002
AutoTaxi_64Relus_200Epochs_OneOutput.nnet,AutoTaxi_2323.npy,1.0*y1,0.001,MarabouBinarySearch_sbt_ReLUViolation,success,-0.09446928459202672,1.019386376
AutoTaxi_64Relus_200Epochs_OneOutput.nnet,AutoTaxi_2323.npy,1.0*y1,0.001,MarabouBinarySearch_nosbt_EarliestReLU,success,-0.09446928459202672,0.953178897
AutoTaxi_64Relus_200Epochs_OneOutput.nnet,AutoTaxi_2323.npy,1.0*y1,0.001,MarabouBinarySearch_sbt_EarliestReLU,success,-0.09446928459202672,1.085420219
AutoTaxi_64Relus_200Epochs_OneOutput.nnet,AutoTaxi_2323.npy,1.0*y1,0.001,VanillaMIPGurobi_8threads_1000.0m,success,-0.09444751434480297,0.014849194
AutoTaxi_64Relus_200Epochs_OneOutput.nnet,AutoTaxi_2323.npy,1.0*y1,0.001,VanillaMIPGurobi_1threads_1000.0m,success,-0.09444751434480297,0.0155624
AutoTaxi_64Relus_200Epochs_OneOutput.nnet,AutoTaxi_2323.npy,1.0*y1,0.001,VanillaMIPGLPK_1000.0m,timeout,-1.0,3600.270986928
AutoTaxi_64Relus_200Epochs_OneOutput.nnet,AutoTaxi_2323.npy,1.0*y1,0.001,Sherlock_Gurobi_8threads_1000.0m,success,-0.09444751434480299,0.485478939
AutoTaxi_64Relus_200Epochs_OneOutput.nnet,AutoTaxi_2323.npy,1.0*y1,0.001,Sherlock_Gurobi_1threads_1000.0m,success,-0.09444751434480299,0.219076206
AutoTaxi_64Relus_200Epochs_OneOutput.nnet,AutoTaxi_2323.npy,1.0*y1,0.001,Sherlock_GLPK_1000.0m,success,-0.094447514344803,548.524492172
AutoTaxi_64Relus_200Epochs_OneOutput.nnet,AutoTaxi_2323.npy,1.0*y1,0.005,LBFGS,success,-0.08685075112506759,0.55445366
AutoTaxi_64Relus_200Epochs_OneOutput.nnet,AutoTaxi_2323.npy,1.0*y1,0.005,PGD,success,-0.09235432344045173,0.063463649
AutoTaxi_64Relus_200Epochs_OneOutput.nnet,AutoTaxi_2323.npy,1.0*y1,0.005,FGSM,success,-0.08801936491727615,0.001515059
AutoTaxi_64Relus_200Epochs_OneOutput.nnet,AutoTaxi_2323.npy,1.0*y1,0.005,Marabounosbt_ReLUViolation,success,-0.08685074693664509,0.582447361
AutoTaxi_64Relus_200Epochs_OneOutput.nnet,AutoTaxi_2323.npy,1.0*y1,0.005,Marabousbt_ReLUViolation,success,-0.08685074693664512,0.375645476
AutoTaxi_64Relus_200Epochs_OneOutput.nnet,AutoTaxi_2323.npy,1.0*y1,0.005,Marabounosbt_EarliestReLU,success,-0.08685074693664509,0.319711706
AutoTaxi_64Relus_200Epochs_OneOutput.nnet,AutoTaxi_2323.npy,1.0*y1,0.005,Marabousbt_EarliestReLU,success,-0.08685074693664512,0.333105969
AutoTaxi_64Relus_200Epochs_OneOutput.nnet,AutoTaxi_2323.npy,1.0*y1,0.005,MarabouBinarySearch_nosbt_ReLUViolation,success,-0.08690618764461847,2.844517186
AutoTaxi_64Relus_200Epochs_OneOutput.nnet,AutoTaxi_2323.npy,1.0*y1,0.005,MarabouBinarySearch_sbt_ReLUViolation,success,-0.08690618764461853,2.416993844
AutoTaxi_64Relus_200Epochs_OneOutput.nnet,AutoTaxi_2323.npy,1.0*y1,0.005,MarabouBinarySearch_nosbt_EarliestReLU,success,-0.08690618764461845,2.043183813
AutoTaxi_64Relus_200Epochs_OneOutput.nnet,AutoTaxi_2323.npy,1.0*y1,0.005,MarabouBinarySearch_sbt_EarliestReLU,success,-0.08690618764461853,1.930177858
AutoTaxi_64Relus_200Epochs_OneOutput.nnet,AutoTaxi_2323.npy,1.0*y1,0.005,VanillaMIPGurobi_8threads_1000.0m,success,-0.08685074693664506,0.098378856
AutoTaxi_64Relus_200Epochs_OneOutput.nnet,AutoTaxi_2323.npy,1.0*y1,0.005,VanillaMIPGurobi_1threads_1000.0m,success,-0.08685074693664506,0.060743237
AutoTaxi_64Relus_200Epochs_OneOutput.nnet,AutoTaxi_2323.npy,1.0*y1,0.005,VanillaMIPGLPK_1000.0m,timeout,-1.0,3600.29139442
AutoTaxi_64Relus_200Epochs_OneOutput.nnet,AutoTaxi_2323.npy,1.0*y1,0.005,Sherlock_Gurobi_8threads_1000.0m,success,-0.086850746936645,0.198755853
AutoTaxi_64Relus_200Epochs_OneOutput.nnet,AutoTaxi_2323.npy,1.0*y1,0.005,Sherlock_Gurobi_1threads_1000.0m,success,-0.086850746936645,0.1654289
AutoTaxi_64Relus_200Epochs_OneOutput.nnet,AutoTaxi_2323.npy,1.0*y1,0.005,Sherlock_GLPK_1000.0m,success,-0.08685074693664496,606.614813742
AutoTaxi_64Relus_200Epochs_OneOutput.nnet,AutoTaxi_2323.npy,1.0*y1,0.01,LBFGS,success,-0.07737482369166931,0.438479725
AutoTaxi_64Relus_200Epochs_OneOutput.nnet,AutoTaxi_2323.npy,1.0*y1,0.01,PGD,success,-0.08170532860323178,0.013990939
AutoTaxi_64Relus_200Epochs_OneOutput.nnet,AutoTaxi_2323.npy,1.0*y1,0.01,FGSM,success,-0.07974990640593642,0.00109631
AutoTaxi_64Relus_200Epochs_OneOutput.nnet,AutoTaxi_2323.npy,1.0*y1,0.01,Marabounosbt_ReLUViolation,success,-0.07737474652980296,0.559427407
AutoTaxi_64Relus_200Epochs_OneOutput.nnet,AutoTaxi_2323.npy,1.0*y1,0.01,Marabousbt_ReLUViolation,success,-0.07737474652980317,0.926761993
AutoTaxi_64Relus_200Epochs_OneOutput.nnet,AutoTaxi_2323.npy,1.0*y1,0.01,Marabounosbt_EarliestReLU,success,-0.07737474652980296,0.58764332
AutoTaxi_64Relus_200Epochs_OneOutput.nnet,AutoTaxi_2323.npy,1.0*y1,0.01,Marabousbt_EarliestReLU,success,-0.07737474652980315,0.539824358
AutoTaxi_64Relus_200Epochs_OneOutput.nnet,AutoTaxi_2323.npy,1.0*y1,0.01,MarabouBinarySearch_nosbt_ReLUViolation,success,-0.07744924679292382,2.345687927
AutoTaxi_64Relus_200Epochs_OneOutput.nnet,AutoTaxi_2323.npy,1.0*y1,0.01,MarabouBinarySearch_sbt_ReLUViolation,success,-0.07744924679292355,2.099324523
AutoTaxi_64Relus_200Epochs_OneOutput.nnet,AutoTaxi_2323.npy,1.0*y1,0.01,MarabouBinarySearch_nosbt_EarliestReLU,success,-0.07744924679292373,2.504342625
AutoTaxi_64Relus_200Epochs_OneOutput.nnet,AutoTaxi_2323.npy,1.0*y1,0.01,MarabouBinarySearch_sbt_EarliestReLU,success,-0.07744924679292385,2.109775211
AutoTaxi_64Relus_200Epochs_OneOutput.nnet,AutoTaxi_2323.npy,1.0*y1,0.01,VanillaMIPGurobi_8threads_1000.0m,success,-0.07737474652980306,0.068473274
AutoTaxi_64Relus_200Epochs_OneOutput.nnet,AutoTaxi_2323.npy,1.0*y1,0.01,VanillaMIPGurobi_1threads_1000.0m,success,-0.07737474652980306,0.064958351
AutoTaxi_64Relus_200Epochs_OneOutput.nnet,AutoTaxi_2323.npy,1.0*y1,0.01,VanillaMIPGLPK_1000.0m,timeout,-1.0,3600.296409541
AutoTaxi_64Relus_200Epochs_OneOutput.nnet,AutoTaxi_2323.npy,1.0*y1,0.01,Sherlock_Gurobi_8threads_1000.0m,success,-0.07737474652980317,0.191806779
AutoTaxi_64Relus_200Epochs_OneOutput.nnet,AutoTaxi_2323.npy,1.0*y1,0.01,Sherlock_Gurobi_1threads_1000.0m,success,-0.07737474652980317,0.164115462
AutoTaxi_64Relus_200Epochs_OneOutput.nnet,AutoTaxi_2323.npy,1.0*y1,0.01,Sherlock_GLPK_1000.0m,success,-0.0773747465298033,611.89557326
AutoTaxi_64Relus_200Epochs_OneOutput.nnet,AutoTaxi_2323.npy,1.0*y1,0.015,LBFGS,success,-0.06790153479133795,23.685001324
AutoTaxi_64Relus_200Epochs_OneOutput.nnet,AutoTaxi_2323.npy,1.0*y1,0.015,PGD,success,-0.07181188187043046,0.014378615
AutoTaxi_64Relus_200Epochs_OneOutput.nnet,AutoTaxi_2323.npy,1.0*y1,0.015,FGSM,success,-0.06907297719554148,0.001975708
AutoTaxi_64Relus_200Epochs_OneOutput.nnet,AutoTaxi_2323.npy,1.0*y1,0.015,Marabounosbt_ReLUViolation,success,-0.05975280675777874,1.681701591
AutoTaxi_64Relus_200Epochs_OneOutput.nnet,AutoTaxi_2323.npy,1.0*y1,0.015,Marabousbt_ReLUViolation,success,-0.05975280675777874,1.041342014
AutoTaxi_64Relus_200Epochs_OneOutput.nnet,AutoTaxi_2323.npy,1.0*y1,0.015,Marabounosbt_EarliestReLU,success,-0.05975280675777874,1.885166407
AutoTaxi_64Relus_200Epochs_OneOutput.nnet,AutoTaxi_2323.npy,1.0*y1,0.015,Marabousbt_EarliestReLU,success,-0.05975280675777874,1.319977502
AutoTaxi_64Relus_200Epochs_OneOutput.nnet,AutoTaxi_2323.npy,1.0*y1,0.015,MarabouBinarySearch_nosbt_ReLUViolation,success,-0.059799334540088754,8.238509001
AutoTaxi_64Relus_200Epochs_OneOutput.nnet,AutoTaxi_2323.npy,1.0*y1,0.015,MarabouBinarySearch_sbt_ReLUViolation,success,-0.05979933454008884,4.049085675
AutoTaxi_64Relus_200Epochs_OneOutput.nnet,AutoTaxi_2323.npy,1.0*y1,0.015,MarabouBinarySearch_nosbt_EarliestReLU,success,-0.059799334540088636,7.778923357
AutoTaxi_64Relus_200Epochs_OneOutput.nnet,AutoTaxi_2323.npy,1.0*y1,0.015,MarabouBinarySearch_sbt_EarliestReLU,success,-0.05979933454008876,4.350706649
AutoTaxi_64Relus_200Epochs_OneOutput.nnet,AutoTaxi_2323.npy,1.0*y1,0.015,VanillaMIPGurobi_8threads_1000.0m,success,-0.05975280675777897,0.079990558
AutoTaxi_64Relus_200Epochs_OneOutput.nnet,AutoTaxi_2323.npy,1.0*y1,0.015,VanillaMIPGurobi_1threads_1000.0m,success,-0.05975280675777897,0.083780484
AutoTaxi_64Relus_200Epochs_OneOutput.nnet,AutoTaxi_2323.npy,1.0*y1,0.015,VanillaMIPGLPK_1000.0m,timeout,-1.0,3600.202615821
AutoTaxi_64Relus_200Epochs_OneOutput.nnet,AutoTaxi_2323.npy,1.0*y1,0.015,Sherlock_Gurobi_8threads_1000.0m,success,-0.059752806757778894,1.152634041
AutoTaxi_64Relus_200Epochs_OneOutput.nnet,AutoTaxi_2323.npy,1.0*y1,0.015,Sherlock_Gurobi_1threads_1000.0m,success,-0.059752806757778894,0.498801654
AutoTaxi_64Relus_200Epochs_OneOutput.nnet,AutoTaxi_2323.npy,1.0*y1,0.015,Sherlock_GLPK_1000.0m,success,-0.05975280675777909,641.62881141
AutoTaxi_128Relus_200Epochs_OneOutput.nnet,AutoTaxi_2323.npy,1.0*y1,0.001,LBFGS,success,-0.08515068154653926,0.357907372
AutoTaxi_128Relus_200Epochs_OneOutput.nnet,AutoTaxi_2323.npy,1.0*y1,0.001,PGD,success,-0.08758649113265941,0.001501975
AutoTaxi_128Relus_200Epochs_OneOutput.nnet,AutoTaxi_2323.npy,1.0*y1,0.001,FGSM,success,-0.08515068145290144,0.002420095
AutoTaxi_128Relus_200Epochs_OneOutput.nnet,AutoTaxi_2323.npy,1.0*y1,0.001,Marabounosbt_ReLUViolation,success,-0.08515068154653904,1.262621682
AutoTaxi_128Relus_200Epochs_OneOutput.nnet,AutoTaxi_2323.npy,1.0*y1,0.001,Marabousbt_ReLUViolation,success,-0.08515068154653904,0.741324878
AutoTaxi_128Relus_200Epochs_OneOutput.nnet,AutoTaxi_2323.npy,1.0*y1,0.001,Marabounosbt_EarliestReLU,success,-0.08515068154653904,1.006708435
AutoTaxi_128Relus_200Epochs_OneOutput.nnet,AutoTaxi_2323.npy,1.0*y1,0.001,Marabousbt_EarliestReLU,success,-0.08515068154653904,0.76740882
AutoTaxi_128Relus_200Epochs_OneOutput.nnet,AutoTaxi_2323.npy,1.0*y1,0.001,MarabouBinarySearch_nosbt_ReLUViolation,success,-0.08519055855615168,2.780737325
AutoTaxi_128Relus_200Epochs_OneOutput.nnet,AutoTaxi_2323.npy,1.0*y1,0.001,MarabouBinarySearch_sbt_ReLUViolation,success,-0.08519055855615199,2.994367559
AutoTaxi_128Relus_200Epochs_OneOutput.nnet,AutoTaxi_2323.npy,1.0*y1,0.001,MarabouBinarySearch_nosbt_EarliestReLU,success,-0.08519055855615203,3.241726592
AutoTaxi_128Relus_200Epochs_OneOutput.nnet,AutoTaxi_2323.npy,1.0*y1,0.001,MarabouBinarySearch_sbt_EarliestReLU,success,-0.08519055855615199,3.472942094
AutoTaxi_128Relus_200Epochs_OneOutput.nnet,AutoTaxi_2323.npy,1.0*y1,0.001,VanillaMIPGurobi_8threads_1000.0m,success,-0.08515068154653899,0.048096628
AutoTaxi_128Relus_200Epochs_OneOutput.nnet,AutoTaxi_2323.npy,1.0*y1,0.001,VanillaMIPGurobi_1threads_1000.0m,success,-0.08515068154653899,0.036844399
AutoTaxi_128Relus_200Epochs_OneOutput.nnet,AutoTaxi_2323.npy,1.0*y1,0.001,VanillaMIPGLPK_1000.0m,timeout,-1.0,3600.242684264
AutoTaxi_128Relus_200Epochs_OneOutput.nnet,AutoTaxi_2323.npy,1.0*y1,0.001,Sherlock_Gurobi_8threads_1000.0m,success,-0.08515068154653896,0.159393722
AutoTaxi_128Relus_200Epochs_OneOutput.nnet,AutoTaxi_2323.npy,1.0*y1,0.001,Sherlock_Gurobi_1threads_1000.0m,success,-0.08515068154653896,0.123807479
AutoTaxi_128Relus_200Epochs_OneOutput.nnet,AutoTaxi_2323.npy,1.0*y1,0.001,Sherlock_GLPK_1000.0m,timeout,-1.0,3599.445619528
AutoTaxi_128Relus_200Epochs_OneOutput.nnet,AutoTaxi_2323.npy,1.0*y1,0.005,LBFGS,success,-0.07724677651174432,0.724434361
AutoTaxi_128Relus_200Epochs_OneOutput.nnet,AutoTaxi_2323.npy,1.0*y1,0.005,PGD,success,-0.08099805381501017,0.006613197
AutoTaxi_128Relus_200Epochs_OneOutput.nnet,AutoTaxi_2323.npy,1.0*y1,0.005,FGSM,success,-0.07726088434380018,0.000390598
AutoTaxi_128Relus_200Epochs_OneOutput.nnet,AutoTaxi_2323.npy,1.0*y1,0.005,Marabounosbt_ReLUViolation,success,-0.0768836933915428,1.2958998
AutoTaxi_128Relus_200Epochs_OneOutput.nnet,AutoTaxi_2323.npy,1.0*y1,0.005,Marabousbt_ReLUViolation,success,-0.0768836933915428,0.743116683
AutoTaxi_128Relus_200Epochs_OneOutput.nnet,AutoTaxi_2323.npy,1.0*y1,0.005,Marabounosbt_EarliestReLU,success,-0.0768836933915428,1.032872402
AutoTaxi_128Relus_200Epochs_OneOutput.nnet,AutoTaxi_2323.npy,1.0*y1,0.005,Marabousbt_EarliestReLU,success,-0.0768836933915428,0.898261361
AutoTaxi_128Relus_200Epochs_OneOutput.nnet,AutoTaxi_2323.npy,1.0*y1,0.005,MarabouBinarySearch_nosbt_ReLUViolation,success,-0.0769428200245803,3.925013062
AutoTaxi_128Relus_200Epochs_OneOutput.nnet,AutoTaxi_2323.npy,1.0*y1,0.005,MarabouBinarySearch_sbt_ReLUViolation,success,-0.07694282002458015,5.528399358
AutoTaxi_128Relus_200Epochs_OneOutput.nnet,AutoTaxi_2323.npy,1.0*y1,0.005,MarabouBinarySearch_nosbt_EarliestReLU,success,-0.07694282002458026,5.036644343
AutoTaxi_128Relus_200Epochs_OneOutput.nnet,AutoTaxi_2323.npy,1.0*y1,0.005,MarabouBinarySearch_sbt_EarliestReLU,success,-0.0769428200245803,3.977673587
AutoTaxi_128Relus_200Epochs_OneOutput.nnet,AutoTaxi_2323.npy,1.0*y1,0.005,VanillaMIPGurobi_8threads_1000.0m,success,-0.07688369339154283,0.079184345
AutoTaxi_128Relus_200Epochs_OneOutput.nnet,AutoTaxi_2323.npy,1.0*y1,0.005,VanillaMIPGurobi_1threads_1000.0m,success,-0.07688369339154283,0.07715478
AutoTaxi_128Relus_200Epochs_OneOutput.nnet,AutoTaxi_2323.npy,1.0*y1,0.005,VanillaMIPGLPK_1000.0m,timeout,-1.0,3600.281536233
AutoTaxi_128Relus_200Epochs_OneOutput.nnet,AutoTaxi_2323.npy,1.0*y1,0.005,Sherlock_Gurobi_8threads_1000.0m,success,-0.07688369339154293,0.204714587
AutoTaxi_128Relus_200Epochs_OneOutput.nnet,AutoTaxi_2323.npy,1.0*y1,0.005,Sherlock_Gurobi_1threads_1000.0m,success,-0.07688369339154293,0.230398125
AutoTaxi_128Relus_200Epochs_OneOutput.nnet,AutoTaxi_2323.npy,1.0*y1,0.005,Sherlock_GLPK_1000.0m,timeout,-1.0,3599.281113529
AutoTaxi_128Relus_200Epochs_OneOutput.nnet,AutoTaxi_2323.npy,1.0*y1,0.01,LBFGS,success,-0.0672643857939115,0.524259543
AutoTaxi_128Relus_200Epochs_OneOutput.nnet,AutoTaxi_2323.npy,1.0*y1,0.01,PGD,success,-0.07139299586182074,0.035302153
AutoTaxi_128Relus_200Epochs_OneOutput.nnet,AutoTaxi_2323.npy,1.0*y1,0.01,FGSM,success,-0.06729260145802318,0.00086697
AutoTaxi_128Relus_200Epochs_OneOutput.nnet,AutoTaxi_2323.npy,1.0*y1,0.01,Marabounosbt_ReLUViolation,success,-0.06614746205148171,3.143403087
AutoTaxi_128Relus_200Epochs_OneOutput.nnet,AutoTaxi_2323.npy,1.0*y1,0.01,Marabousbt_ReLUViolation,success,-0.06614746205148171,2.826818367
AutoTaxi_128Relus_200Epochs_OneOutput.nnet,AutoTaxi_2323.npy,1.0*y1,0.01,Marabounosbt_EarliestReLU,success,-0.06614746205148171,7.354062543
AutoTaxi_128Relus_200Epochs_OneOutput.nnet,AutoTaxi_2323.npy,1.0*y1,0.01,Marabousbt_EarliestReLU,success,-0.06614746205148171,6.347119042
AutoTaxi_128Relus_200Epochs_OneOutput.nnet,AutoTaxi_2323.npy,1.0*y1,0.01,MarabouBinarySearch_nosbt_ReLUViolation,success,-0.06618006142740075,11.080774193
AutoTaxi_128Relus_200Epochs_OneOutput.nnet,AutoTaxi_2323.npy,1.0*y1,0.01,MarabouBinarySearch_sbt_ReLUViolation,success,-0.06618006142740092,8.230003731
AutoTaxi_128Relus_200Epochs_OneOutput.nnet,AutoTaxi_2323.npy,1.0*y1,0.01,MarabouBinarySearch_nosbt_EarliestReLU,success,-0.06618006142740082,31.627794609
AutoTaxi_128Relus_200Epochs_OneOutput.nnet,AutoTaxi_2323.npy,1.0*y1,0.01,MarabouBinarySearch_sbt_EarliestReLU,success,-0.06618006142740075,13.452481913
AutoTaxi_128Relus_200Epochs_OneOutput.nnet,AutoTaxi_2323.npy,1.0*y1,0.01,VanillaMIPGurobi_8threads_1000.0m,success,-0.06614746205148182,0.116483208
AutoTaxi_128Relus_200Epochs_OneOutput.nnet,AutoTaxi_2323.npy,1.0*y1,0.01,VanillaMIPGurobi_1threads_1000.0m,success,-0.06614746205148182,0.115169903
AutoTaxi_128Relus_200Epochs_OneOutput.nnet,AutoTaxi_2323.npy,1.0*y1,0.01,VanillaMIPGLPK_1000.0m,timeout,-1.0,3600.287400182
AutoTaxi_128Relus_200Epochs_OneOutput.nnet,AutoTaxi_2323.npy,1.0*y1,0.01,Sherlock_Gurobi_8threads_1000.0m,success,-0.06614746205148181,0.427334489
AutoTaxi_128Relus_200Epochs_OneOutput.nnet,AutoTaxi_2323.npy,1.0*y1,0.01,Sherlock_Gurobi_1threads_1000.0m,success,-0.06614746205148181,0.467050657
AutoTaxi_128Relus_200Epochs_OneOutput.nnet,AutoTaxi_2323.npy,1.0*y1,0.01,Sherlock_GLPK_1000.0m,timeout,-1.0,3599.250212455
AutoTaxi_128Relus_200Epochs_OneOutput.nnet,AutoTaxi_2323.npy,1.0*y1,0.015,LBFGS,success,-0.05728199507607841,0.654481873
AutoTaxi_128Relus_200Epochs_OneOutput.nnet,AutoTaxi_2323.npy,1.0*y1,0.015,PGD,success,-0.06327099063237708,0.006939729
AutoTaxi_128Relus_200Epochs_OneOutput.nnet,AutoTaxi_2323.npy,1.0*y1,0.015,FGSM,success,-0.0573243185722461,0.000606501
AutoTaxi_128Relus_200Epochs_OneOutput.nnet,AutoTaxi_2323.npy,1.0*y1,0.015,Marabounosbt_ReLUViolation,success,-0.05541123071142052,8.738488797
AutoTaxi_128Relus_200Epochs_OneOutput.nnet,AutoTaxi_2323.npy,1.0*y1,0.015,Marabousbt_ReLUViolation,success,-0.05541123071142052,6.163288902
AutoTaxi_128Relus_200Epochs_OneOutput.nnet,AutoTaxi_2323.npy,1.0*y1,0.015,Marabounosbt_EarliestReLU,success,-0.05541123071142052,23.608821343
AutoTaxi_128Relus_200Epochs_OneOutput.nnet,AutoTaxi_2323.npy,1.0*y1,0.015,Marabousbt_EarliestReLU,success,-0.05541123071142052,21.99459687
AutoTaxi_128Relus_200Epochs_OneOutput.nnet,AutoTaxi_2323.npy,1.0*y1,0.015,MarabouBinarySearch_nosbt_ReLUViolation,success,-0.05541701132971264,49.632821738
AutoTaxi_128Relus_200Epochs_OneOutput.nnet,AutoTaxi_2323.npy,1.0*y1,0.015,MarabouBinarySearch_sbt_ReLUViolation,success,-0.05541701132971293,20.107011561
AutoTaxi_128Relus_200Epochs_OneOutput.nnet,AutoTaxi_2323.npy,1.0*y1,0.015,MarabouBinarySearch_nosbt_EarliestReLU,success,-0.05541701132971274,119.314785561
AutoTaxi_128Relus_200Epochs_OneOutput.nnet,AutoTaxi_2323.npy,1.0*y1,0.015,MarabouBinarySearch_sbt_EarliestReLU,success,-0.05541701132971289,72.801539399
AutoTaxi_128Relus_200Epochs_OneOutput.nnet,AutoTaxi_2323.npy,1.0*y1,0.015,VanillaMIPGurobi_8threads_1000.0m,success,-0.05541123071142051,0.200269292
AutoTaxi_128Relus_200Epochs_OneOutput.nnet,AutoTaxi_2323.npy,1.0*y1,0.015,VanillaMIPGurobi_1threads_1000.0m,success,-0.05541123071142051,0.169077335
AutoTaxi_128Relus_200Epochs_OneOutput.nnet,AutoTaxi_2323.npy,1.0*y1,0.015,VanillaMIPGLPK_1000.0m,timeout,-1.0,3600.245355683
AutoTaxi_128Relus_200Epochs_OneOutput.nnet,AutoTaxi_2323.npy,1.0*y1,0.015,Sherlock_Gurobi_8threads_1000.0m,success,-0.05541123071142061,0.802021332
AutoTaxi_128Relus_200Epochs_OneOutput.nnet,AutoTaxi_2323.npy,1.0*y1,0.015,Sherlock_Gurobi_1threads_1000.0m,success,-0.05541123071142061,0.742889155
AutoTaxi_128Relus_200Epochs_OneOutput.nnet,AutoTaxi_2323.npy,1.0*y1,0.015,Sherlock_GLPK_1000.0m,timeout,-1.0,3599.24674846
