network,inputfile,objective,delta,optimizer,status,optval,time
AutoTaxi_32Relus_200Epochs_OneOutput.nnet,AutoTaxi_2323.npy,1.0*y1,0.001,LBFGS,success,-0.085004005,9.618318598
AutoTaxi_32Relus_200Epochs_OneOutput.nnet,AutoTaxi_2323.npy,1.0*y1,0.001,PGD,success,-0.087555898,1.831362696
AutoTaxi_32Relus_200Epochs_OneOutput.nnet,AutoTaxi_2323.npy,1.0*y1,0.001,FGSM,success,-0.085004005,4.993882453
AutoTaxi_32Relus_200Epochs_OneOutput.nnet,AutoTaxi_2323.npy,1.0*y1,0.001,Marabounosbt_ReLUViolation,success,-0.085004005,2.116980957
AutoTaxi_32Relus_200Epochs_OneOutput.nnet,AutoTaxi_2323.npy,1.0*y1,0.001,Marabousbt_ReLUViolation,success,-0.085004005,0.164493145
AutoTaxi_32Relus_200Epochs_OneOutput.nnet,AutoTaxi_2323.npy,1.0*y1,0.001,Marabounosbt_EarliestReLU,success,-0.085004005,0.162124416
AutoTaxi_32Relus_200Epochs_OneOutput.nnet,AutoTaxi_2323.npy,1.0*y1,0.001,Marabousbt_EarliestReLU,success,-0.085004005,0.227472955
AutoTaxi_32Relus_200Epochs_OneOutput.nnet,AutoTaxi_2323.npy,1.0*y1,0.001,MarabouBinarySearch_nosbt_ReLUViolation,success,-0.085057993,22.10412627
AutoTaxi_32Relus_200Epochs_OneOutput.nnet,AutoTaxi_2323.npy,1.0*y1,0.001,MarabouBinarySearch_sbt_ReLUViolation,success,-0.085057993,0.448718993
AutoTaxi_32Relus_200Epochs_OneOutput.nnet,AutoTaxi_2323.npy,1.0*y1,0.001,MarabouBinarySearch_nosbt_EarliestReLU,success,-0.085057993,0.373418663
AutoTaxi_32Relus_200Epochs_OneOutput.nnet,AutoTaxi_2323.npy,1.0*y1,0.001,MarabouBinarySearch_sbt_EarliestReLU,success,-0.085057993,0.455621719
AutoTaxi_32Relus_200Epochs_OneOutput.nnet,AutoTaxi_2323.npy,1.0*y1,0.001,VanillaMIPGurobi_8threads_1000.0m,success,-0.085004005,9.004883657
AutoTaxi_32Relus_200Epochs_OneOutput.nnet,AutoTaxi_2323.npy,1.0*y1,0.001,VanillaMIPGurobi_1threads_1000.0m,success,-0.085004005,0.008578044
AutoTaxi_32Relus_200Epochs_OneOutput.nnet,AutoTaxi_2323.npy,1.0*y1,0.001,VanillaMIPGLPK_1000.0m,success,-0.085004005,1.345811007
AutoTaxi_32Relus_200Epochs_OneOutput.nnet,AutoTaxi_2323.npy,1.0*y1,0.001,Sherlock_Gurobi_8threads_1000.0m,success,-0.085004005,2.10329856
AutoTaxi_32Relus_200Epochs_OneOutput.nnet,AutoTaxi_2323.npy,1.0*y1,0.001,Sherlock_Gurobi_1threads_1000.0m,success,-0.085004005,0.015159012
AutoTaxi_32Relus_200Epochs_OneOutput.nnet,AutoTaxi_2323.npy,1.0*y1,0.001,Sherlock_GLPK_1000.0m,success,-0.085004005,0.91108743
AutoTaxi_32Relus_200Epochs_OneOutput.nnet,AutoTaxi_2323.npy,1.0*y1,0.005,LBFGS,success,-0.073511617,0.324944745
AutoTaxi_32Relus_200Epochs_OneOutput.nnet,AutoTaxi_2323.npy,1.0*y1,0.005,PGD,success,-0.079085915,0.044538237
AutoTaxi_32Relus_200Epochs_OneOutput.nnet,AutoTaxi_2323.npy,1.0*y1,0.005,FGSM,success,-0.073511617,0.0002461
AutoTaxi_32Relus_200Epochs_OneOutput.nnet,AutoTaxi_2323.npy,1.0*y1,0.005,Marabounosbt_ReLUViolation,success,-0.073511617,0.081164924
AutoTaxi_32Relus_200Epochs_OneOutput.nnet,AutoTaxi_2323.npy,1.0*y1,0.005,Marabousbt_ReLUViolation,success,-0.073511617,0.116445562
AutoTaxi_32Relus_200Epochs_OneOutput.nnet,AutoTaxi_2323.npy,1.0*y1,0.005,Marabounosbt_EarliestReLU,success,-0.073511617,0.088439392
AutoTaxi_32Relus_200Epochs_OneOutput.nnet,AutoTaxi_2323.npy,1.0*y1,0.005,Marabousbt_EarliestReLU,success,-0.073511617,0.115739588
AutoTaxi_32Relus_200Epochs_OneOutput.nnet,AutoTaxi_2323.npy,1.0*y1,0.005,MarabouBinarySearch_nosbt_ReLUViolation,success,-0.07355337,0.443508338
AutoTaxi_32Relus_200Epochs_OneOutput.nnet,AutoTaxi_2323.npy,1.0*y1,0.005,MarabouBinarySearch_sbt_ReLUViolation,success,-0.07355337,0.522763987
AutoTaxi_32Relus_200Epochs_OneOutput.nnet,AutoTaxi_2323.npy,1.0*y1,0.005,MarabouBinarySearch_nosbt_EarliestReLU,success,-0.07355337,0.412077575
AutoTaxi_32Relus_200Epochs_OneOutput.nnet,AutoTaxi_2323.npy,1.0*y1,0.005,MarabouBinarySearch_sbt_EarliestReLU,success,-0.07355337,0.603979731
AutoTaxi_32Relus_200Epochs_OneOutput.nnet,AutoTaxi_2323.npy,1.0*y1,0.005,VanillaMIPGurobi_8threads_1000.0m,success,-0.073511617,0.012474283
AutoTaxi_32Relus_200Epochs_OneOutput.nnet,AutoTaxi_2323.npy,1.0*y1,0.005,VanillaMIPGurobi_1threads_1000.0m,success,-0.073511617,0.010197857
AutoTaxi_32Relus_200Epochs_OneOutput.nnet,AutoTaxi_2323.npy,1.0*y1,0.005,VanillaMIPGLPK_1000.0m,success,-0.073511617,0.658910081
AutoTaxi_32Relus_200Epochs_OneOutput.nnet,AutoTaxi_2323.npy,1.0*y1,0.005,Sherlock_Gurobi_8threads_1000.0m,success,-0.073511617,0.019052284
AutoTaxi_32Relus_200Epochs_OneOutput.nnet,AutoTaxi_2323.npy,1.0*y1,0.005,Sherlock_Gurobi_1threads_1000.0m,success,-0.073511617,0.017058682
AutoTaxi_32Relus_200Epochs_OneOutput.nnet,AutoTaxi_2323.npy,1.0*y1,0.005,Sherlock_GLPK_1000.0m,success,-0.073511617,0.892682485
AutoTaxi_32Relus_200Epochs_OneOutput.nnet,AutoTaxi_2323.npy,1.0*y1,0.01,LBFGS,success,-0.059146133,0.350283251
AutoTaxi_32Relus_200Epochs_OneOutput.nnet,AutoTaxi_2323.npy,1.0*y1,0.01,PGD,success,-0.064811613,0.000863963
AutoTaxi_32Relus_200Epochs_OneOutput.nnet,AutoTaxi_2323.npy,1.0*y1,0.01,FGSM,success,-0.059146133,0.00021563
AutoTaxi_32Relus_200Epochs_OneOutput.nnet,AutoTaxi_2323.npy,1.0*y1,0.01,Marabounosbt_ReLUViolation,success,-0.059146133,0.087786052
AutoTaxi_32Relus_200Epochs_OneOutput.nnet,AutoTaxi_2323.npy,1.0*y1,0.01,Marabousbt_ReLUViolation,success,-0.059146133,0.115209439
AutoTaxi_32Relus_200Epochs_OneOutput.nnet,AutoTaxi_2323.npy,1.0*y1,0.01,Marabounosbt_EarliestReLU,success,-0.059146133,0.09406486
AutoTaxi_32Relus_200Epochs_OneOutput.nnet,AutoTaxi_2323.npy,1.0*y1,0.01,Marabousbt_EarliestReLU,success,-0.059146133,0.112598192
AutoTaxi_32Relus_200Epochs_OneOutput.nnet,AutoTaxi_2323.npy,1.0*y1,0.01,MarabouBinarySearch_nosbt_ReLUViolation,success,-0.059150253,0.497073396
AutoTaxi_32Relus_200Epochs_OneOutput.nnet,AutoTaxi_2323.npy,1.0*y1,0.01,MarabouBinarySearch_sbt_ReLUViolation,success,-0.059150253,0.589369812
AutoTaxi_32Relus_200Epochs_OneOutput.nnet,AutoTaxi_2323.npy,1.0*y1,0.01,MarabouBinarySearch_nosbt_EarliestReLU,success,-0.059150253,0.503451214
AutoTaxi_32Relus_200Epochs_OneOutput.nnet,AutoTaxi_2323.npy,1.0*y1,0.01,MarabouBinarySearch_sbt_EarliestReLU,success,-0.059150253,0.611252814
AutoTaxi_32Relus_200Epochs_OneOutput.nnet,AutoTaxi_2323.npy,1.0*y1,0.01,VanillaMIPGurobi_8threads_1000.0m,success,-0.059146133,0.014857136
AutoTaxi_32Relus_200Epochs_OneOutput.nnet,AutoTaxi_2323.npy,1.0*y1,0.01,VanillaMIPGurobi_1threads_1000.0m,success,-0.059146133,0.022582613
AutoTaxi_32Relus_200Epochs_OneOutput.nnet,AutoTaxi_2323.npy,1.0*y1,0.01,VanillaMIPGLPK_1000.0m,success,-0.059146133,0.644326436
AutoTaxi_32Relus_200Epochs_OneOutput.nnet,AutoTaxi_2323.npy,1.0*y1,0.01,Sherlock_Gurobi_8threads_1000.0m,success,-0.059146133,0.017477234
AutoTaxi_32Relus_200Epochs_OneOutput.nnet,AutoTaxi_2323.npy,1.0*y1,0.01,Sherlock_Gurobi_1threads_1000.0m,success,-0.059146133,0.019154706
AutoTaxi_32Relus_200Epochs_OneOutput.nnet,AutoTaxi_2323.npy,1.0*y1,0.01,Sherlock_GLPK_1000.0m,success,-0.059146133,0.631550813
AutoTaxi_32Relus_200Epochs_OneOutput.nnet,AutoTaxi_2323.npy,1.0*y1,0.015,LBFGS,success,-0.044780648,0.426739647
AutoTaxi_32Relus_200Epochs_OneOutput.nnet,AutoTaxi_2323.npy,1.0*y1,0.015,PGD,success,-0.050743981,0.001220385
AutoTaxi_32Relus_200Epochs_OneOutput.nnet,AutoTaxi_2323.npy,1.0*y1,0.015,FGSM,success,-0.044780649,0.000200297
AutoTaxi_32Relus_200Epochs_OneOutput.nnet,AutoTaxi_2323.npy,1.0*y1,0.015,Marabounosbt_ReLUViolation,success,-0.044780648,0.129088457
AutoTaxi_32Relus_200Epochs_OneOutput.nnet,AutoTaxi_2323.npy,1.0*y1,0.015,Marabousbt_ReLUViolation,success,-0.044780648,0.135587372
AutoTaxi_32Relus_200Epochs_OneOutput.nnet,AutoTaxi_2323.npy,1.0*y1,0.015,Marabounosbt_EarliestReLU,success,-0.044780648,0.205540508
AutoTaxi_32Relus_200Epochs_OneOutput.nnet,AutoTaxi_2323.npy,1.0*y1,0.015,Marabousbt_EarliestReLU,success,-0.044780648,0.17818695
AutoTaxi_32Relus_200Epochs_OneOutput.nnet,AutoTaxi_2323.npy,1.0*y1,0.015,MarabouBinarySearch_nosbt_ReLUViolation,success,-0.044783453,0.534182997
AutoTaxi_32Relus_200Epochs_OneOutput.nnet,AutoTaxi_2323.npy,1.0*y1,0.015,MarabouBinarySearch_sbt_ReLUViolation,success,-0.044783453,0.689107172
AutoTaxi_32Relus_200Epochs_OneOutput.nnet,AutoTaxi_2323.npy,1.0*y1,0.015,MarabouBinarySearch_nosbt_EarliestReLU,success,-0.044783453,0.614714314
AutoTaxi_32Relus_200Epochs_OneOutput.nnet,AutoTaxi_2323.npy,1.0*y1,0.015,MarabouBinarySearch_sbt_EarliestReLU,success,-0.044783453,0.771168275
AutoTaxi_32Relus_200Epochs_OneOutput.nnet,AutoTaxi_2323.npy,1.0*y1,0.015,VanillaMIPGurobi_8threads_1000.0m,success,-0.044780648,0.013747631
AutoTaxi_32Relus_200Epochs_OneOutput.nnet,AutoTaxi_2323.npy,1.0*y1,0.015,VanillaMIPGurobi_1threads_1000.0m,success,-0.044780648,0.023079846
AutoTaxi_32Relus_200Epochs_OneOutput.nnet,AutoTaxi_2323.npy,1.0*y1,0.015,VanillaMIPGLPK_1000.0m,success,-0.044780648,0.656010697
AutoTaxi_32Relus_200Epochs_OneOutput.nnet,AutoTaxi_2323.npy,1.0*y1,0.015,Sherlock_Gurobi_8threads_1000.0m,success,-0.044780648,0.018872809
AutoTaxi_32Relus_200Epochs_OneOutput.nnet,AutoTaxi_2323.npy,1.0*y1,0.015,Sherlock_Gurobi_1threads_1000.0m,success,-0.044780648,0.018468805
AutoTaxi_32Relus_200Epochs_OneOutput.nnet,AutoTaxi_2323.npy,1.0*y1,0.015,Sherlock_GLPK_1000.0m,success,-0.044780648,0.726378132
AutoTaxi_64Relus_200Epochs_OneOutput.nnet,AutoTaxi_2323.npy,1.0*y1,0.001,LBFGS,success,-0.094447514,0.386387358
AutoTaxi_64Relus_200Epochs_OneOutput.nnet,AutoTaxi_2323.npy,1.0*y1,0.001,PGD,success,-0.096221219,0.000154047
AutoTaxi_64Relus_200Epochs_OneOutput.nnet,AutoTaxi_2323.npy,1.0*y1,0.001,FGSM,success,-0.094634932,0.000271866
AutoTaxi_64Relus_200Epochs_OneOutput.nnet,AutoTaxi_2323.npy,1.0*y1,0.001,Marabounosbt_ReLUViolation,success,-0.094447514,0.168142571
AutoTaxi_64Relus_200Epochs_OneOutput.nnet,AutoTaxi_2323.npy,1.0*y1,0.001,Marabousbt_ReLUViolation,success,-0.094447514,0.275162572
AutoTaxi_64Relus_200Epochs_OneOutput.nnet,AutoTaxi_2323.npy,1.0*y1,0.001,Marabounosbt_EarliestReLU,success,-0.094447514,0.173048499
AutoTaxi_64Relus_200Epochs_OneOutput.nnet,AutoTaxi_2323.npy,1.0*y1,0.001,Marabousbt_EarliestReLU,success,-0.094447514,0.25566365
AutoTaxi_64Relus_200Epochs_OneOutput.nnet,AutoTaxi_2323.npy,1.0*y1,0.001,MarabouBinarySearch_nosbt_ReLUViolation,success,-0.094469285,0.891177002
AutoTaxi_64Relus_200Epochs_OneOutput.nnet,AutoTaxi_2323.npy,1.0*y1,0.001,MarabouBinarySearch_sbt_ReLUViolation,success,-0.094469285,1.019386376
AutoTaxi_64Relus_200Epochs_OneOutput.nnet,AutoTaxi_2323.npy,1.0*y1,0.001,MarabouBinarySearch_nosbt_EarliestReLU,success,-0.094469285,0.953178897
AutoTaxi_64Relus_200Epochs_OneOutput.nnet,AutoTaxi_2323.npy,1.0*y1,0.001,MarabouBinarySearch_sbt_EarliestReLU,success,-0.094469285,1.085420219
AutoTaxi_64Relus_200Epochs_OneOutput.nnet,AutoTaxi_2323.npy,1.0*y1,0.001,VanillaMIPGurobi_8threads_1000.0m,success,-0.094447514,0.014849194
AutoTaxi_64Relus_200Epochs_OneOutput.nnet,AutoTaxi_2323.npy,1.0*y1,0.001,VanillaMIPGurobi_1threads_1000.0m,success,-0.094447514,0.0155624
AutoTaxi_64Relus_200Epochs_OneOutput.nnet,AutoTaxi_2323.npy,1.0*y1,0.001,VanillaMIPGLPK_1000.0m,timeout,-1,3600.270987
AutoTaxi_64Relus_200Epochs_OneOutput.nnet,AutoTaxi_2323.npy,1.0*y1,0.001,Sherlock_Gurobi_8threads_1000.0m,success,-0.094447514,0.485478939
AutoTaxi_64Relus_200Epochs_OneOutput.nnet,AutoTaxi_2323.npy,1.0*y1,0.001,Sherlock_Gurobi_1threads_1000.0m,success,-0.094447514,0.219076206
AutoTaxi_64Relus_200Epochs_OneOutput.nnet,AutoTaxi_2323.npy,1.0*y1,0.001,Sherlock_GLPK_1000.0m,success,-0.094447514,548.5244922
AutoTaxi_64Relus_200Epochs_OneOutput.nnet,AutoTaxi_2323.npy,1.0*y1,0.005,LBFGS,success,-0.086850751,0.55445366
AutoTaxi_64Relus_200Epochs_OneOutput.nnet,AutoTaxi_2323.npy,1.0*y1,0.005,PGD,success,-0.092354323,0.063463649
AutoTaxi_64Relus_200Epochs_OneOutput.nnet,AutoTaxi_2323.npy,1.0*y1,0.005,FGSM,success,-0.088019365,0.001515059
AutoTaxi_64Relus_200Epochs_OneOutput.nnet,AutoTaxi_2323.npy,1.0*y1,0.005,Marabounosbt_ReLUViolation,success,-0.086850747,0.582447361
AutoTaxi_64Relus_200Epochs_OneOutput.nnet,AutoTaxi_2323.npy,1.0*y1,0.005,Marabousbt_ReLUViolation,success,-0.086850747,0.375645476
AutoTaxi_64Relus_200Epochs_OneOutput.nnet,AutoTaxi_2323.npy,1.0*y1,0.005,Marabounosbt_EarliestReLU,success,-0.086850747,0.319711706
AutoTaxi_64Relus_200Epochs_OneOutput.nnet,AutoTaxi_2323.npy,1.0*y1,0.005,Marabousbt_EarliestReLU,success,-0.086850747,0.333105969
AutoTaxi_64Relus_200Epochs_OneOutput.nnet,AutoTaxi_2323.npy,1.0*y1,0.005,MarabouBinarySearch_nosbt_ReLUViolation,success,-0.086906188,2.844517186
AutoTaxi_64Relus_200Epochs_OneOutput.nnet,AutoTaxi_2323.npy,1.0*y1,0.005,MarabouBinarySearch_sbt_ReLUViolation,success,-0.086906188,2.416993844
AutoTaxi_64Relus_200Epochs_OneOutput.nnet,AutoTaxi_2323.npy,1.0*y1,0.005,MarabouBinarySearch_nosbt_EarliestReLU,success,-0.086906188,2.043183813
AutoTaxi_64Relus_200Epochs_OneOutput.nnet,AutoTaxi_2323.npy,1.0*y1,0.005,MarabouBinarySearch_sbt_EarliestReLU,success,-0.086906188,1.930177858
AutoTaxi_64Relus_200Epochs_OneOutput.nnet,AutoTaxi_2323.npy,1.0*y1,0.005,VanillaMIPGurobi_8threads_1000.0m,success,-0.086850747,0.098378856
AutoTaxi_64Relus_200Epochs_OneOutput.nnet,AutoTaxi_2323.npy,1.0*y1,0.005,VanillaMIPGurobi_1threads_1000.0m,success,-0.086850747,0.060743237
AutoTaxi_64Relus_200Epochs_OneOutput.nnet,AutoTaxi_2323.npy,1.0*y1,0.005,VanillaMIPGLPK_1000.0m,timeout,-1,3600.291394
AutoTaxi_64Relus_200Epochs_OneOutput.nnet,AutoTaxi_2323.npy,1.0*y1,0.005,Sherlock_Gurobi_8threads_1000.0m,success,-0.086850747,0.198755853
AutoTaxi_64Relus_200Epochs_OneOutput.nnet,AutoTaxi_2323.npy,1.0*y1,0.005,Sherlock_Gurobi_1threads_1000.0m,success,-0.086850747,0.1654289
AutoTaxi_64Relus_200Epochs_OneOutput.nnet,AutoTaxi_2323.npy,1.0*y1,0.005,Sherlock_GLPK_1000.0m,success,-0.086850747,606.6148137
AutoTaxi_64Relus_200Epochs_OneOutput.nnet,AutoTaxi_2323.npy,1.0*y1,0.01,LBFGS,success,-0.077374824,0.438479725
AutoTaxi_64Relus_200Epochs_OneOutput.nnet,AutoTaxi_2323.npy,1.0*y1,0.01,PGD,success,-0.081705329,0.013990939
AutoTaxi_64Relus_200Epochs_OneOutput.nnet,AutoTaxi_2323.npy,1.0*y1,0.01,FGSM,success,-0.079749906,0.00109631
AutoTaxi_64Relus_200Epochs_OneOutput.nnet,AutoTaxi_2323.npy,1.0*y1,0.01,Marabounosbt_ReLUViolation,success,-0.077374747,0.559427407
AutoTaxi_64Relus_200Epochs_OneOutput.nnet,AutoTaxi_2323.npy,1.0*y1,0.01,Marabousbt_ReLUViolation,success,-0.077374747,0.926761993
AutoTaxi_64Relus_200Epochs_OneOutput.nnet,AutoTaxi_2323.npy,1.0*y1,0.01,Marabounosbt_EarliestReLU,success,-0.077374747,0.58764332
AutoTaxi_64Relus_200Epochs_OneOutput.nnet,AutoTaxi_2323.npy,1.0*y1,0.01,Marabousbt_EarliestReLU,success,-0.077374747,0.539824358
AutoTaxi_64Relus_200Epochs_OneOutput.nnet,AutoTaxi_2323.npy,1.0*y1,0.01,MarabouBinarySearch_nosbt_ReLUViolation,success,-0.077449247,2.345687927
AutoTaxi_64Relus_200Epochs_OneOutput.nnet,AutoTaxi_2323.npy,1.0*y1,0.01,MarabouBinarySearch_sbt_ReLUViolation,success,-0.077449247,2.099324523
AutoTaxi_64Relus_200Epochs_OneOutput.nnet,AutoTaxi_2323.npy,1.0*y1,0.01,MarabouBinarySearch_nosbt_EarliestReLU,success,-0.077449247,2.504342625
AutoTaxi_64Relus_200Epochs_OneOutput.nnet,AutoTaxi_2323.npy,1.0*y1,0.01,MarabouBinarySearch_sbt_EarliestReLU,success,-0.077449247,2.109775211
AutoTaxi_64Relus_200Epochs_OneOutput.nnet,AutoTaxi_2323.npy,1.0*y1,0.01,VanillaMIPGurobi_8threads_1000.0m,success,-0.077374747,0.068473274
AutoTaxi_64Relus_200Epochs_OneOutput.nnet,AutoTaxi_2323.npy,1.0*y1,0.01,VanillaMIPGurobi_1threads_1000.0m,success,-0.077374747,0.064958351
AutoTaxi_64Relus_200Epochs_OneOutput.nnet,AutoTaxi_2323.npy,1.0*y1,0.01,VanillaMIPGLPK_1000.0m,timeout,-1,3600.29641
AutoTaxi_64Relus_200Epochs_OneOutput.nnet,AutoTaxi_2323.npy,1.0*y1,0.01,Sherlock_Gurobi_8threads_1000.0m,success,-0.077374747,0.191806779
AutoTaxi_64Relus_200Epochs_OneOutput.nnet,AutoTaxi_2323.npy,1.0*y1,0.01,Sherlock_Gurobi_1threads_1000.0m,success,-0.077374747,0.164115462
AutoTaxi_64Relus_200Epochs_OneOutput.nnet,AutoTaxi_2323.npy,1.0*y1,0.01,Sherlock_GLPK_1000.0m,success,-0.077374747,611.8955733
AutoTaxi_64Relus_200Epochs_OneOutput.nnet,AutoTaxi_2323.npy,1.0*y1,0.015,LBFGS,success,-0.067901535,23.68500132
AutoTaxi_64Relus_200Epochs_OneOutput.nnet,AutoTaxi_2323.npy,1.0*y1,0.015,PGD,success,-0.071811882,0.014378615
AutoTaxi_64Relus_200Epochs_OneOutput.nnet,AutoTaxi_2323.npy,1.0*y1,0.015,FGSM,success,-0.069072977,0.001975708
AutoTaxi_64Relus_200Epochs_OneOutput.nnet,AutoTaxi_2323.npy,1.0*y1,0.015,Marabounosbt_ReLUViolation,success,-0.059752807,1.681701591
AutoTaxi_64Relus_200Epochs_OneOutput.nnet,AutoTaxi_2323.npy,1.0*y1,0.015,Marabousbt_ReLUViolation,success,-0.059752807,1.041342014
AutoTaxi_64Relus_200Epochs_OneOutput.nnet,AutoTaxi_2323.npy,1.0*y1,0.015,Marabounosbt_EarliestReLU,success,-0.059752807,1.885166407
AutoTaxi_64Relus_200Epochs_OneOutput.nnet,AutoTaxi_2323.npy,1.0*y1,0.015,Marabousbt_EarliestReLU,success,-0.059752807,1.319977502
AutoTaxi_64Relus_200Epochs_OneOutput.nnet,AutoTaxi_2323.npy,1.0*y1,0.015,MarabouBinarySearch_nosbt_ReLUViolation,success,-0.059799335,8.238509001
AutoTaxi_64Relus_200Epochs_OneOutput.nnet,AutoTaxi_2323.npy,1.0*y1,0.015,MarabouBinarySearch_sbt_ReLUViolation,success,-0.059799335,4.049085675
AutoTaxi_64Relus_200Epochs_OneOutput.nnet,AutoTaxi_2323.npy,1.0*y1,0.015,MarabouBinarySearch_nosbt_EarliestReLU,success,-0.059799335,7.778923357
AutoTaxi_64Relus_200Epochs_OneOutput.nnet,AutoTaxi_2323.npy,1.0*y1,0.015,MarabouBinarySearch_sbt_EarliestReLU,success,-0.059799335,4.350706649
AutoTaxi_64Relus_200Epochs_OneOutput.nnet,AutoTaxi_2323.npy,1.0*y1,0.015,VanillaMIPGurobi_8threads_1000.0m,success,-0.059752807,0.079990558
AutoTaxi_64Relus_200Epochs_OneOutput.nnet,AutoTaxi_2323.npy,1.0*y1,0.015,VanillaMIPGurobi_1threads_1000.0m,success,-0.059752807,0.083780484
AutoTaxi_64Relus_200Epochs_OneOutput.nnet,AutoTaxi_2323.npy,1.0*y1,0.015,VanillaMIPGLPK_1000.0m,timeout,-1,3600.202616
AutoTaxi_64Relus_200Epochs_OneOutput.nnet,AutoTaxi_2323.npy,1.0*y1,0.015,Sherlock_Gurobi_8threads_1000.0m,success,-0.059752807,1.152634041
AutoTaxi_64Relus_200Epochs_OneOutput.nnet,AutoTaxi_2323.npy,1.0*y1,0.015,Sherlock_Gurobi_1threads_1000.0m,success,-0.059752807,0.498801654
AutoTaxi_64Relus_200Epochs_OneOutput.nnet,AutoTaxi_2323.npy,1.0*y1,0.015,Sherlock_GLPK_1000.0m,success,-0.059752807,641.6288114
AutoTaxi_128Relus_200Epochs_OneOutput.nnet,AutoTaxi_2323.npy,1.0*y1,0.001,LBFGS,success,-0.085150682,0.357907372
AutoTaxi_128Relus_200Epochs_OneOutput.nnet,AutoTaxi_2323.npy,1.0*y1,0.001,PGD,success,-0.087586491,0.001501975
AutoTaxi_128Relus_200Epochs_OneOutput.nnet,AutoTaxi_2323.npy,1.0*y1,0.001,FGSM,success,-0.085150681,0.002420095
AutoTaxi_128Relus_200Epochs_OneOutput.nnet,AutoTaxi_2323.npy,1.0*y1,0.001,Marabounosbt_ReLUViolation,success,-0.085150682,1.262621682
AutoTaxi_128Relus_200Epochs_OneOutput.nnet,AutoTaxi_2323.npy,1.0*y1,0.001,Marabousbt_ReLUViolation,success,-0.085150682,0.741324878
AutoTaxi_128Relus_200Epochs_OneOutput.nnet,AutoTaxi_2323.npy,1.0*y1,0.001,Marabounosbt_EarliestReLU,success,-0.085150682,1.006708435
AutoTaxi_128Relus_200Epochs_OneOutput.nnet,AutoTaxi_2323.npy,1.0*y1,0.001,Marabousbt_EarliestReLU,success,-0.085150682,0.76740882
AutoTaxi_128Relus_200Epochs_OneOutput.nnet,AutoTaxi_2323.npy,1.0*y1,0.001,MarabouBinarySearch_nosbt_ReLUViolation,success,-0.085190559,2.780737325
AutoTaxi_128Relus_200Epochs_OneOutput.nnet,AutoTaxi_2323.npy,1.0*y1,0.001,MarabouBinarySearch_sbt_ReLUViolation,success,-0.085190559,2.994367559
AutoTaxi_128Relus_200Epochs_OneOutput.nnet,AutoTaxi_2323.npy,1.0*y1,0.001,MarabouBinarySearch_nosbt_EarliestReLU,success,-0.085190559,3.241726592
AutoTaxi_128Relus_200Epochs_OneOutput.nnet,AutoTaxi_2323.npy,1.0*y1,0.001,MarabouBinarySearch_sbt_EarliestReLU,success,-0.085190559,3.472942094
AutoTaxi_128Relus_200Epochs_OneOutput.nnet,AutoTaxi_2323.npy,1.0*y1,0.001,VanillaMIPGurobi_8threads_1000.0m,success,-0.085150682,0.048096628
AutoTaxi_128Relus_200Epochs_OneOutput.nnet,AutoTaxi_2323.npy,1.0*y1,0.001,VanillaMIPGurobi_1threads_1000.0m,success,-0.085150682,0.036844399
AutoTaxi_128Relus_200Epochs_OneOutput.nnet,AutoTaxi_2323.npy,1.0*y1,0.001,VanillaMIPGLPK_1000.0m,timeout,-1,3600.242684
AutoTaxi_128Relus_200Epochs_OneOutput.nnet,AutoTaxi_2323.npy,1.0*y1,0.001,Sherlock_Gurobi_8threads_1000.0m,success,-0.085150682,0.159393722
AutoTaxi_128Relus_200Epochs_OneOutput.nnet,AutoTaxi_2323.npy,1.0*y1,0.001,Sherlock_Gurobi_1threads_1000.0m,success,-0.085150682,0.123807479
AutoTaxi_128Relus_200Epochs_OneOutput.nnet,AutoTaxi_2323.npy,1.0*y1,0.001,Sherlock_GLPK_1000.0m,timeout,-1,3599.44562
AutoTaxi_128Relus_200Epochs_OneOutput.nnet,AutoTaxi_2323.npy,1.0*y1,0.005,LBFGS,success,-0.077246777,0.724434361
AutoTaxi_128Relus_200Epochs_OneOutput.nnet,AutoTaxi_2323.npy,1.0*y1,0.005,PGD,success,-0.080998054,0.006613197
AutoTaxi_128Relus_200Epochs_OneOutput.nnet,AutoTaxi_2323.npy,1.0*y1,0.005,FGSM,success,-0.077260884,0.000390598
AutoTaxi_128Relus_200Epochs_OneOutput.nnet,AutoTaxi_2323.npy,1.0*y1,0.005,Marabounosbt_ReLUViolation,success,-0.076883693,1.2958998
AutoTaxi_128Relus_200Epochs_OneOutput.nnet,AutoTaxi_2323.npy,1.0*y1,0.005,Marabousbt_ReLUViolation,success,-0.076883693,0.743116683
AutoTaxi_128Relus_200Epochs_OneOutput.nnet,AutoTaxi_2323.npy,1.0*y1,0.005,Marabounosbt_EarliestReLU,success,-0.076883693,1.032872402
AutoTaxi_128Relus_200Epochs_OneOutput.nnet,AutoTaxi_2323.npy,1.0*y1,0.005,Marabousbt_EarliestReLU,success,-0.076883693,0.898261361
AutoTaxi_128Relus_200Epochs_OneOutput.nnet,AutoTaxi_2323.npy,1.0*y1,0.005,MarabouBinarySearch_nosbt_ReLUViolation,success,-0.07694282,3.925013062
AutoTaxi_128Relus_200Epochs_OneOutput.nnet,AutoTaxi_2323.npy,1.0*y1,0.005,MarabouBinarySearch_sbt_ReLUViolation,success,-0.07694282,5.528399358
AutoTaxi_128Relus_200Epochs_OneOutput.nnet,AutoTaxi_2323.npy,1.0*y1,0.005,MarabouBinarySearch_nosbt_EarliestReLU,success,-0.07694282,5.036644343
AutoTaxi_128Relus_200Epochs_OneOutput.nnet,AutoTaxi_2323.npy,1.0*y1,0.005,MarabouBinarySearch_sbt_EarliestReLU,success,-0.07694282,3.977673587
AutoTaxi_128Relus_200Epochs_OneOutput.nnet,AutoTaxi_2323.npy,1.0*y1,0.005,VanillaMIPGurobi_8threads_1000.0m,success,-0.076883693,0.079184345
AutoTaxi_128Relus_200Epochs_OneOutput.nnet,AutoTaxi_2323.npy,1.0*y1,0.005,VanillaMIPGurobi_1threads_1000.0m,success,-0.076883693,0.07715478
AutoTaxi_128Relus_200Epochs_OneOutput.nnet,AutoTaxi_2323.npy,1.0*y1,0.005,VanillaMIPGLPK_1000.0m,timeout,-1,3600.281536
AutoTaxi_128Relus_200Epochs_OneOutput.nnet,AutoTaxi_2323.npy,1.0*y1,0.005,Sherlock_Gurobi_8threads_1000.0m,success,-0.076883693,0.204714587
AutoTaxi_128Relus_200Epochs_OneOutput.nnet,AutoTaxi_2323.npy,1.0*y1,0.005,Sherlock_Gurobi_1threads_1000.0m,success,-0.076883693,0.230398125
AutoTaxi_128Relus_200Epochs_OneOutput.nnet,AutoTaxi_2323.npy,1.0*y1,0.005,Sherlock_GLPK_1000.0m,timeout,-1,3599.281114
AutoTaxi_128Relus_200Epochs_OneOutput.nnet,AutoTaxi_2323.npy,1.0*y1,0.01,LBFGS,success,-0.067264386,0.524259543
AutoTaxi_128Relus_200Epochs_OneOutput.nnet,AutoTaxi_2323.npy,1.0*y1,0.01,PGD,success,-0.071392996,0.035302153
AutoTaxi_128Relus_200Epochs_OneOutput.nnet,AutoTaxi_2323.npy,1.0*y1,0.01,FGSM,success,-0.067292601,0.00086697
AutoTaxi_128Relus_200Epochs_OneOutput.nnet,AutoTaxi_2323.npy,1.0*y1,0.01,Marabounosbt_ReLUViolation,success,-0.066147462,3.143403087
AutoTaxi_128Relus_200Epochs_OneOutput.nnet,AutoTaxi_2323.npy,1.0*y1,0.01,Marabousbt_ReLUViolation,success,-0.066147462,2.826818367
AutoTaxi_128Relus_200Epochs_OneOutput.nnet,AutoTaxi_2323.npy,1.0*y1,0.01,Marabounosbt_EarliestReLU,success,-0.066147462,7.354062543
AutoTaxi_128Relus_200Epochs_OneOutput.nnet,AutoTaxi_2323.npy,1.0*y1,0.01,Marabousbt_EarliestReLU,success,-0.066147462,6.347119042
AutoTaxi_128Relus_200Epochs_OneOutput.nnet,AutoTaxi_2323.npy,1.0*y1,0.01,MarabouBinarySearch_nosbt_ReLUViolation,success,-0.066180061,11.08077419
AutoTaxi_128Relus_200Epochs_OneOutput.nnet,AutoTaxi_2323.npy,1.0*y1,0.01,MarabouBinarySearch_sbt_ReLUViolation,success,-0.066180061,8.230003731
AutoTaxi_128Relus_200Epochs_OneOutput.nnet,AutoTaxi_2323.npy,1.0*y1,0.01,MarabouBinarySearch_nosbt_EarliestReLU,success,-0.066180061,31.62779461
AutoTaxi_128Relus_200Epochs_OneOutput.nnet,AutoTaxi_2323.npy,1.0*y1,0.01,MarabouBinarySearch_sbt_EarliestReLU,success,-0.066180061,13.45248191
AutoTaxi_128Relus_200Epochs_OneOutput.nnet,AutoTaxi_2323.npy,1.0*y1,0.01,VanillaMIPGurobi_8threads_1000.0m,success,-0.066147462,0.116483208
AutoTaxi_128Relus_200Epochs_OneOutput.nnet,AutoTaxi_2323.npy,1.0*y1,0.01,VanillaMIPGurobi_1threads_1000.0m,success,-0.066147462,0.115169903
AutoTaxi_128Relus_200Epochs_OneOutput.nnet,AutoTaxi_2323.npy,1.0*y1,0.01,VanillaMIPGLPK_1000.0m,timeout,-1,3600.2874
AutoTaxi_128Relus_200Epochs_OneOutput.nnet,AutoTaxi_2323.npy,1.0*y1,0.01,Sherlock_Gurobi_8threads_1000.0m,success,-0.066147462,0.427334489
AutoTaxi_128Relus_200Epochs_OneOutput.nnet,AutoTaxi_2323.npy,1.0*y1,0.01,Sherlock_Gurobi_1threads_1000.0m,success,-0.066147462,0.467050657
AutoTaxi_128Relus_200Epochs_OneOutput.nnet,AutoTaxi_2323.npy,1.0*y1,0.01,Sherlock_GLPK_1000.0m,timeout,-1,3599.250212
AutoTaxi_128Relus_200Epochs_OneOutput.nnet,AutoTaxi_2323.npy,1.0*y1,0.015,LBFGS,success,-0.057281995,0.654481873
AutoTaxi_128Relus_200Epochs_OneOutput.nnet,AutoTaxi_2323.npy,1.0*y1,0.015,PGD,success,-0.063270991,0.006939729
AutoTaxi_128Relus_200Epochs_OneOutput.nnet,AutoTaxi_2323.npy,1.0*y1,0.015,FGSM,success,-0.057324319,0.000606501
AutoTaxi_128Relus_200Epochs_OneOutput.nnet,AutoTaxi_2323.npy,1.0*y1,0.015,Marabounosbt_ReLUViolation,success,-0.055411231,8.738488797
AutoTaxi_128Relus_200Epochs_OneOutput.nnet,AutoTaxi_2323.npy,1.0*y1,0.015,Marabousbt_ReLUViolation,success,-0.055411231,6.163288902
AutoTaxi_128Relus_200Epochs_OneOutput.nnet,AutoTaxi_2323.npy,1.0*y1,0.015,Marabounosbt_EarliestReLU,success,-0.055411231,23.60882134
AutoTaxi_128Relus_200Epochs_OneOutput.nnet,AutoTaxi_2323.npy,1.0*y1,0.015,Marabousbt_EarliestReLU,success,-0.055411231,21.99459687
AutoTaxi_128Relus_200Epochs_OneOutput.nnet,AutoTaxi_2323.npy,1.0*y1,0.015,MarabouBinarySearch_nosbt_ReLUViolation,success,-0.055417011,49.63282174
AutoTaxi_128Relus_200Epochs_OneOutput.nnet,AutoTaxi_2323.npy,1.0*y1,0.015,MarabouBinarySearch_sbt_ReLUViolation,success,-0.055417011,20.10701156
AutoTaxi_128Relus_200Epochs_OneOutput.nnet,AutoTaxi_2323.npy,1.0*y1,0.015,MarabouBinarySearch_nosbt_EarliestReLU,success,-0.055417011,119.3147856
AutoTaxi_128Relus_200Epochs_OneOutput.nnet,AutoTaxi_2323.npy,1.0*y1,0.015,MarabouBinarySearch_sbt_EarliestReLU,success,-0.055417011,72.8015394
AutoTaxi_128Relus_200Epochs_OneOutput.nnet,AutoTaxi_2323.npy,1.0*y1,0.015,VanillaMIPGurobi_8threads_1000.0m,success,-0.055411231,0.200269292
AutoTaxi_128Relus_200Epochs_OneOutput.nnet,AutoTaxi_2323.npy,1.0*y1,0.015,VanillaMIPGurobi_1threads_1000.0m,success,-0.055411231,0.169077335
AutoTaxi_128Relus_200Epochs_OneOutput.nnet,AutoTaxi_2323.npy,1.0*y1,0.015,VanillaMIPGLPK_1000.0m,timeout,-1,3600.245356
AutoTaxi_128Relus_200Epochs_OneOutput.nnet,AutoTaxi_2323.npy,1.0*y1,0.015,Sherlock_Gurobi_8threads_1000.0m,success,-0.055411231,0.802021332
AutoTaxi_128Relus_200Epochs_OneOutput.nnet,AutoTaxi_2323.npy,1.0*y1,0.015,Sherlock_Gurobi_1threads_1000.0m,success,-0.055411231,0.742889155
AutoTaxi_128Relus_200Epochs_OneOutput.nnet,AutoTaxi_2323.npy,1.0*y1,0.015,Sherlock_GLPK_1000.0m,timeout,-1,3599.246748AutoTaxi_32Relus_200Epochs_OneOutput.nnet,AutoTaxi_2323.npy,1.0*y1,0.03,LBFGS,success,-0.00168419433962959,1.001069684
AutoTaxi_32Relus_200Epochs_OneOutput.nnet,AutoTaxi_2323.npy,1.0*y1,0.03,PGD,success,-0.007324865310467896,0.267356654
AutoTaxi_32Relus_200Epochs_OneOutput.nnet,AutoTaxi_2323.npy,1.0*y1,0.03,FGSM,success,-0.001684196266190893,0.131970809
AutoTaxi_32Relus_200Epochs_OneOutput.nnet,AutoTaxi_2323.npy,1.0*y1,0.03,Marabounosbt_ReLUViolation,success,-0.0016841943396291234,0.461486548
AutoTaxi_32Relus_200Epochs_OneOutput.nnet,AutoTaxi_2323.npy,1.0*y1,0.03,Marabousbt_ReLUViolation,success,-0.0016841943396291234,0.180140991
AutoTaxi_32Relus_200Epochs_OneOutput.nnet,AutoTaxi_2323.npy,1.0*y1,0.03,Marabounosbt_EarliestReLU,success,-0.0016841943396291234,0.332310101
AutoTaxi_32Relus_200Epochs_OneOutput.nnet,AutoTaxi_2323.npy,1.0*y1,0.03,Marabousbt_EarliestReLU,success,-0.0016841943396291234,0.178057165
AutoTaxi_32Relus_200Epochs_OneOutput.nnet,AutoTaxi_2323.npy,1.0*y1,0.03,MarabouBinarySearch_nosbt_ReLUViolation,success,-0.00174467956866204,1.365053707
AutoTaxi_32Relus_200Epochs_OneOutput.nnet,AutoTaxi_2323.npy,1.0*y1,0.03,MarabouBinarySearch_sbt_ReLUViolation,success,-0.0017446795686621684,0.679302599
AutoTaxi_32Relus_200Epochs_OneOutput.nnet,AutoTaxi_2323.npy,1.0*y1,0.03,MarabouBinarySearch_nosbt_EarliestReLU,success,-0.0017446795686623454,1.063825605
AutoTaxi_32Relus_200Epochs_OneOutput.nnet,AutoTaxi_2323.npy,1.0*y1,0.03,MarabouBinarySearch_sbt_EarliestReLU,success,-0.0017446795686621476,0.764777733
AutoTaxi_32Relus_200Epochs_OneOutput.nnet,AutoTaxi_2323.npy,1.0*y1,0.03,VanillaMIPGurobi_8threads_1000.0m,success,-0.0016841943396291408,0.401219505
AutoTaxi_32Relus_200Epochs_OneOutput.nnet,AutoTaxi_2323.npy,1.0*y1,0.03,VanillaMIPGurobi_1threads_1000.0m,success,-0.0016841943396291408,0.016471037
AutoTaxi_32Relus_200Epochs_OneOutput.nnet,AutoTaxi_2323.npy,1.0*y1,0.03,VanillaMIPGLPK_1000.0m,success,-0.0016841943396290956,0.649893516
AutoTaxi_32Relus_200Epochs_OneOutput.nnet,AutoTaxi_2323.npy,1.0*y1,0.03,Sherlock_Gurobi_8threads_1000.0m,success,-0.001684194339629073,0.402863583
AutoTaxi_32Relus_200Epochs_OneOutput.nnet,AutoTaxi_2323.npy,1.0*y1,0.03,Sherlock_Gurobi_1threads_1000.0m,success,-0.001684194339629073,0.026719157
AutoTaxi_32Relus_200Epochs_OneOutput.nnet,AutoTaxi_2323.npy,1.0*y1,0.03,Sherlock_GLPK_1000.0m,success,-0.001684194339629264,0.708496155
AutoTaxi_32Relus_200Epochs_OneOutput.nnet,AutoTaxi_2323.npy,1.0*y1,0.05,LBFGS,success,0.05577774390799712,0.637908625
AutoTaxi_32Relus_200Epochs_OneOutput.nnet,AutoTaxi_2323.npy,1.0*y1,0.05,PGD,success,0.04990687443550271,0.003591504
AutoTaxi_32Relus_200Epochs_OneOutput.nnet,AutoTaxi_2323.npy,1.0*y1,0.05,FGSM,success,0.05577774604862172,0.000224597
AutoTaxi_32Relus_200Epochs_OneOutput.nnet,AutoTaxi_2323.npy,1.0*y1,0.05,Marabounosbt_ReLUViolation,success,0.05577774390799771,0.427293907
AutoTaxi_32Relus_200Epochs_OneOutput.nnet,AutoTaxi_2323.npy,1.0*y1,0.05,Marabousbt_ReLUViolation,success,0.05577774390799771,0.279724556
AutoTaxi_32Relus_200Epochs_OneOutput.nnet,AutoTaxi_2323.npy,1.0*y1,0.05,Marabounosbt_EarliestReLU,success,0.05577774390799771,0.737897757
AutoTaxi_32Relus_200Epochs_OneOutput.nnet,AutoTaxi_2323.npy,1.0*y1,0.05,Marabousbt_EarliestReLU,success,0.05577774390799791,0.57241264
AutoTaxi_32Relus_200Epochs_OneOutput.nnet,AutoTaxi_2323.npy,1.0*y1,0.05,MarabouBinarySearch_nosbt_ReLUViolation,success,0.05571759275698063,2.283032583
AutoTaxi_32Relus_200Epochs_OneOutput.nnet,AutoTaxi_2323.npy,1.0*y1,0.05,MarabouBinarySearch_sbt_ReLUViolation,success,0.055717592756980516,1.557765667
AutoTaxi_32Relus_200Epochs_OneOutput.nnet,AutoTaxi_2323.npy,1.0*y1,0.05,MarabouBinarySearch_nosbt_EarliestReLU,success,0.055717592756980516,4.237371673
AutoTaxi_32Relus_200Epochs_OneOutput.nnet,AutoTaxi_2323.npy,1.0*y1,0.05,MarabouBinarySearch_sbt_EarliestReLU,success,0.05571759275698,2.394720357
AutoTaxi_32Relus_200Epochs_OneOutput.nnet,AutoTaxi_2323.npy,1.0*y1,0.05,VanillaMIPGurobi_8threads_1000.0m,success,0.05577774390799777,0.02607393
AutoTaxi_32Relus_200Epochs_OneOutput.nnet,AutoTaxi_2323.npy,1.0*y1,0.05,VanillaMIPGurobi_1threads_1000.0m,success,0.05577774390799777,0.026027677
AutoTaxi_32Relus_200Epochs_OneOutput.nnet,AutoTaxi_2323.npy,1.0*y1,0.05,VanillaMIPGLPK_1000.0m,success,0.05577774390799756,0.827318177
AutoTaxi_32Relus_200Epochs_OneOutput.nnet,AutoTaxi_2323.npy,1.0*y1,0.05,Sherlock_Gurobi_8threads_1000.0m,success,0.055777743907997675,0.0361875
AutoTaxi_32Relus_200Epochs_OneOutput.nnet,AutoTaxi_2323.npy,1.0*y1,0.05,Sherlock_Gurobi_1threads_1000.0m,success,0.055777743907997675,0.040394719
AutoTaxi_32Relus_200Epochs_OneOutput.nnet,AutoTaxi_2323.npy,1.0*y1,0.05,Sherlock_GLPK_1000.0m,success,0.05577774390799772,0.99267819
AutoTaxi_32Relus_200Epochs_OneOutput.nnet,AutoTaxi_2323.npy,1.0*y1,0.07,LBFGS,success,0.10968672789174586,47.676931235
AutoTaxi_32Relus_200Epochs_OneOutput.nnet,AutoTaxi_2323.npy,1.0*y1,0.07,PGD,success,0.0993138168135911,0.005685619
AutoTaxi_32Relus_200Epochs_OneOutput.nnet,AutoTaxi_2323.npy,1.0*y1,0.07,FGSM,success,0.09966378706534569,0.000261771
AutoTaxi_32Relus_200Epochs_OneOutput.nnet,AutoTaxi_2323.npy,1.0*y1,0.07,Marabounosbt_ReLUViolation,success,0.1477645989452334,1.532530672
AutoTaxi_32Relus_200Epochs_OneOutput.nnet,AutoTaxi_2323.npy,1.0*y1,0.07,Marabousbt_ReLUViolation,success,0.1477645989452335,1.70732491
AutoTaxi_32Relus_200Epochs_OneOutput.nnet,AutoTaxi_2323.npy,1.0*y1,0.07,Marabounosbt_EarliestReLU,success,0.14776459894523314,4.478685463
AutoTaxi_32Relus_200Epochs_OneOutput.nnet,AutoTaxi_2323.npy,1.0*y1,0.07,Marabousbt_EarliestReLU,success,0.14776459894523342,2.135566121
AutoTaxi_32Relus_200Epochs_OneOutput.nnet,AutoTaxi_2323.npy,1.0*y1,0.07,MarabouBinarySearch_nosbt_ReLUViolation,success,0.14774425308515532,4.937515329
AutoTaxi_32Relus_200Epochs_OneOutput.nnet,AutoTaxi_2323.npy,1.0*y1,0.07,MarabouBinarySearch_sbt_ReLUViolation,success,0.1477442530851552,2.864479076
